run,scenario,input_mib,round,seconds,mib_per_s
1785540114,chunked1/source,1,0,0.001397962,715.43481192049012
1785540114,lexer_all/ascii,1,0,0.001284213,778.72712580630002
1785540114,chunked1/ascii,1,0,0.0013517430000000001,739.8236931229427
1785540114,chunked8/ascii,1,0,0.00022445899999999999,4455.3860545270454
1785540114,chunked8/source,1,0,0.000226639,4412.9681146757275
1785540114,chunked4/source,1,0,0.00039288799999999998,2545.638147619658
1785540114,chunked2/source,1,0,0.000716396,1396.0863552308949
1785540114,chunked2/ascii,1,0,0.00068608600000000003,1457.6182846073027
1785540114,chunked4/ascii,1,0,0.00036558800000000002,2735.4604046442605
1785540114,lexer_all/source,1,0,0.0014011830000000001,713.79019053327943
1785540114,chunked2/source,1,1,0.00072866599999999999,1372.5776700737954
1785540114,chunked1/source,1,1,0.0014058129999999999,711.43934544778881
1785540114,chunked1/ascii,1,1,0.0013318119999999999,750.89539545602986
1785540114,lexer_all/source,1,1,0.001392573,718.20341234677983
1785540114,lexer_all/ascii,1,1,0.0012814829999999999,780.3860826972234
1785540114,chunked8/source,1,1,0.000237519,4210.8238942652679
1785540114,chunked2/ascii,1,1,0.00069299599999999998,1443.0840847755051
1785540114,chunked8/ascii,1,1,0.000211709,4723.708006806919
1785540114,chunked4/source,1,1,0.00038487800000000001,2598.6174334256366
1785540114,chunked4/ascii,1,1,0.00036603800000000001,2732.0974828107628
1785540114,lexer_all/ascii,1,2,0.001282093,780.01478708103537
1785540114,lexer_all/source,1,2,0.001375203,727.2749408938115
1785540114,chunked1/ascii,1,2,0.001343133,744.56624802836791
1785540114,chunked4/ascii,1,2,0.00035339799999999999,2829.8165196551367
1785540114,chunked1/source,1,2,0.001429273,699.76182334794839
1785540114,chunked8/ascii,1,2,0.000219118,4563.9860641895502
1785540114,chunked4/source,1,2,0.00037896799999999998,2639.1428314316572
1785540114,chunked8/source,1,2,0.000222969,4485.6041895599483
1785540114,chunked2/ascii,1,2,0.000697597,1433.5662257909451
1785540114,chunked2/source,1,2,0.00072372599999999995,1381.9465937965367
1785540114,chunked4/ascii,1,3,0.00036182800000000002,2763.8864278416427
1785540114,lexer_all/ascii,1,3,0.0013029529999999999,767.52691648362293
1785540114,chunked4/source,1,3,0.00037576800000000001,2661.6174888281921
1785540114,chunked1/ascii,1,3,0.001392732,718.0502052175766
1785540114,lexer_all/source,1,3,0.0013825829999999999,723.39286722170914
1785540114,chunked8/source,1,3,0.000228629,4374.5573857296849
1785540114,chunked8/ascii,1,3,0.000212389,4708.5842412417114
1785540114,chunked2/source,1,3,0.00071866599999999997,1391.6766349625448
1785540114,chunked1/source,1,3,0.001412342,708.15049084569614
1785540114,chunked2/ascii,1,3,0.00069415700000000004,1440.6704800399418
1785540114,chunked4/ascii,1,4,0.00036127799999999998,2768.0940948883849
1785540114,chunked4/source,1,4,0.00037014799999999999,2702.029135756487
1785540114,chunked1/source,1,4,0.0014228019999999999,702.94438758308763
1785540114,chunked2/ascii,1,4,0.00069600700000000001,1436.8411501796475
1785540114,chunked8/source,1,4,0.00021957899999999999,4554.8557946888923
1785540114,lexer_all/ascii,1,4,0.0012737029999999999,785.1528169542554
1785540114,chunked2/source,1,4,0.00071767599999999999,1393.5963868681581
1785540114,chunked8/ascii,1,4,0.000213289,4688.7157725578254
1785540114,chunked1/ascii,1,4,0.0014957219999999999,668.60786858325673
1785540114,lexer_all/source,1,4,0.001373733,728.05318103444563
1785540114,chunked4/ascii,1,5,0.00036351800000000001,2751.0370832065701
1785540114,chunked4/source,1,5,0.00037298799999999999,2681.4553833956916
1785540114,chunked2/source,1,5,0.00071558600000000004,1397.6666404065927
1785540114,lexer_all/source,1,5,0.001392983,717.9920218279708
1785540114,chunked2/ascii,1,5,0.00069803599999999997,1432.664645395203
1785540114,chunked1/ascii,1,5,0.0013723629999999999,728.70770955868522
1785540114,lexer_all/ascii,1,5,0.0012945929999999999,772.48331978705744
1785540114,chunked8/source,1,5,0.000231788,4314.9372726025167
1785540114,chunked8/ascii,1,5,0.000211819,4721.2549318667634
1785540114,chunked1/source,1,5,0.001464513,682.92372996483618
1785540114,chunked8/ascii,1,6,0.000219008,4566.2783935430944
1785540114,lexer_all/ascii,1,6,0.0012553040000000001,796.66080759169563
1785540114,chunked2/source,1,6,0.00072142599999999995,1386.3524194331674
1785540114,chunked1/source,1,6,0.001484722,673.62824861623403
1785540114,chunked2/ascii,1,6,0.00069635599999999997,1436.1210335131541
1785540114,chunked4/source,1,6,0.00037805800000000002,2645.4953487083785
1785540114,chunked1/ascii,1,6,0.001375643,726.97022295252907
1785540114,lexer_all/source,1,6,0.0013895330000000001,719.77468728126075
1785540114,chunked8/source,1,6,0.00022781900000000001,4390.1109237683959
1785540114,chunked4/ascii,1,6,0.00036026800000000001,2775.854359568671
1785540114,chunked1/source,1,7,0.001461492,684.33537819022763
1785540114,chunked8/source,1,7,0.00022226900000000001,4499.7308690910213
1785540114,lexer_all/source,1,7,0.0013634420000000001,733.54838749429177
1785540114,chunked4/source,1,7,0.00039445799999999998,2535.5061389095727
1785540114,chunked8/ascii,1,7,0.000216329,4622.8267981319468
1785540114,chunked2/source,1,7,0.00071478700000000004,1399.2289738649306
1785540114,chunked2/ascii,1,7,0.00068921599999999998,1450.9986686511718
1785540114,chunked4/ascii,1,7,0.00035200800000000001,2840.990825245693
1785540114,chunked1/ascii,1,7,0.001370273,729.81916626328177
1785540114,lexer_all/ascii,1,7,0.001276573,783.38763111321168
1785540114,lexer_all/source,1,8,0.0013973919999999999,715.72663972742953
1785540114,chunked1/source,1,8,0.001432223,698.32049935100338
1785540114,chunked8/source,1,8,0.00022513899999999999,4442.3697384371089
1785540114,chunked4/source,1,8,0.00036711799999999999,2724.3302713078415
1785540114,chunked4/ascii,1,8,0.00035551799999999998,2812.9419562809367
1785540114,chunked8/ascii,1,8,0.00021603900000000001,4629.0322507190176
1785540114,chunked2/source,1,8,0.00071599599999999999,1396.8662960994086
1785540114,chunked2/ascii,1,8,0.000692006,1445.1485946842743
1785540114,lexer_all/ascii,1,8,0.001324993,754.7598352693833
1785540114,chunked1/ascii,1,8,0.001396013,716.36259720581825
1785540114,chunked8/ascii,1,9,0.00024650900000000001,4056.8559298568648
1785540114,chunked2/ascii,1,9,0.00069915600000000004,1430.3696148114095
1785540114,lexer_all/ascii,1,9,0.0013236529999999999,755.52391632330068
1785540114,chunked4/source,1,9,0.00037648800000000002,2656.5273807983049
1785540114,chunked1/source,1,9,0.001431142,698.84796934335805
1785540114,chunked4/ascii,1,9,0.00035843799999999999,2790.026443661347
1785540114,chunked2/source,1,9,0.00071812600000000003,1392.7231161968682
1785540114,lexer_all/source,1,9,0.0013976329999999999,715.60322383772586
1785540114,chunked1/ascii,1,9,0.001371393,729.22313181785671
1785540114,chunked8/source,1,9,0.00021760900000000001,4596.0906053609551
1785540114,chunked4/ascii,1,10,0.00035967799999999999,2780.407749189792
1785540114,lexer_all/source,1,10,0.001390823,719.1070902206767
1785540114,chunked4/source,1,10,0.00037233699999999998,2686.1436831203782
1785540114,chunked1/ascii,1,10,0.001372683,728.53783314362158
1785540114,lexer_all/ascii,1,10,0.001325363,754.54912987090029
1785540114,chunked8/ascii,1,10,0.00021319899999999999,4690.6950708637751
1785540114,chunked2/ascii,1,10,0.00069802600000000003,1432.6851699121321
1785540114,chunked2/source,1,10,0.00072237600000000005,1384.5292209901659
1785540114,chunked1/source,1,10,0.0014292529999999999,699.77161534171501
1785540114,chunked8/source,1,10,0.000220199,4542.0309835284997
1785540114,chunked1/source,1,11,0.001421112,703.78033578070711
1785540114,chunked4/ascii,1,11,0.00035765800000000001,2796.1110849277406
1785540114,chunked4/source,1,11,0.000366888,2726.0381384564012
1785540114,lexer_all/source,1,11,0.0013880330000000001,720.55252327717869
1785540114,chunked1/ascii,1,11,0.0013664930000000001,731.83799581343328
1785540114,chunked8/ascii,1,11,0.00021341900000000001,4685.8597332622021
1785540114,lexer_all/ascii,1,11,0.001323353,755.69519124004398
1785540114,chunked2/ascii,1,11,0.00070051599999999999,1427.592658002224
1785540114,chunked2/source,1,11,0.00072390599999999996,1381.6029713001305
1785540114,chunked8/source,1,11,0.00021711899999999999,4606.4631862802989
1785540114,chunked2/ascii,1,12,0.00070127600000000003,1426.0455204699517
1785540114,chunked1/ascii,1,12,0.0013727430000000001,728.50599013295709
1785540114,chunked8/ascii,1,12,0.00021335899999999999,4687.1774727716474
1785540114,chunked4/ascii,1,12,0.00035712800000000001,2800.260686401195
1785540114,chunked4/source,1,12,0.00037329799999999999,2679.2286070163573
1785540114,lexer_all/source,1,12,0.0013962320000000001,716.32127077877612
1785540114,chunked1/source,1,12,0.0014256329999999999,701.5484914715023
1785540114,chunked2/source,1,12,0.00072065599999999997,1387.8336967179796
1785540114,lexer_all/ascii,1,12,0.001314183,760.96822011324593
1785540114,chunked8/source,1,12,0.00021750900000000001,4598.2036630299999
1785540114,chunked1/source,1,13,0.0014273630000000001,700.6981969842235
1785540114,chunked2/ascii,1,13,0.00069568600000000005,1437.5041303304736
1785540114,chunked4/source,1,13,0.00036973799999999999,2705.0253978276301
1785540114,lexer_all/source,1,13,0.0013783529999999999,725.61287314787444
1785540114,chunked8/ascii,1,13,0.00021611800000000001,4627.3401494233976
1785540114,chunked4/ascii,1,13,0.00036466800000000001,2742.3615409443273
1785540114,lexer_all/ascii,1,13,0.001312573,761.90162254829704
1785540114,chunked2/source,1,13,0.00072158699999999999,1386.0430974255248
1785540114,chunked1/ascii,1,13,0.001378982,725.20997258346085
1785540114,chunked8/source,1,13,0.000222229,4500.5407959446884
1785540114,chunked2/ascii,1,14,0.00069821599999999998,1432.2953046236207
1785540114,chunked1/ascii,1,14,0.001379073,725.16211862104899
1785540114,chunked4/source,1,14,0.00037781799999999998,2647.1758374190545
1785540114,lexer_all/ascii,1,14,0.0013265130000000001,753.89498513251351
1785540114,chunked8/source,1,14,0.00021706899999999999,4607.5242459401952
1785540114,chunked4/ascii,1,14,0.00035875799999999998,2787.5378344541055
1785540114,lexer_all/source,1,14,0.0013954029999999999,716.74683266553984
1785540114,chunked1/source,1,14,0.0014308019999999999,699.01403586379683
1785540114,chunked8/ascii,1,14,0.00021298899999999999,4695.3199386498172
1785540114,chunked2/source,1,14,0.00071782599999999997,1393.3051749894712
1785540114,chunked1/source,16,0,0.022677340000000001,705.55193016445514
1785540114,lexer_all/ascii,16,0,0.020659001,774.48261865606855
1785540114,chunked1/ascii,16,0,0.021817923999999999,733.34370370427268
1785540114,chunked8/ascii,16,0,0.003224813,4961.5395352531577
1785540114,chunked8/source,16,0,0.0030172939999999998,5302.778253625801
1785540114,chunked4/source,16,0,0.0059236289999999997,2701.0538654590973
1785540114,chunked2/source,16,0,0.011879605999999999,1346.8494668927242
1785540114,chunked2/ascii,16,0,0.010993282,1455.4377112584159
1785540114,chunked4/ascii,16,0,0.0061658379999999999,2594.9493310233483
1785540114,lexer_all/source,16,0,0.021879934,731.26550601092333
1785540114,chunked2/source,16,1,0.011395079000000001,1404.1184802664031
1785540114,chunked1/source,16,1,0.022428501,713.37986466396512
1785540114,chunked1/ascii,16,1,0.021879573999999999,731.27736368625551
1785540114,lexer_all/source,16,1,0.021868703999999999,731.6410249091856
1785540114,lexer_all/ascii,16,1,0.020802749999999998,769.13086939459163
1785540114,chunked8/source,16,1,0.0033252220000000001,4811.7211446320289
1785540114,chunked2/ascii,16,1,0.012061776999999999,1326.5074618191284
1785540114,chunked8/ascii,16,1,0.0032070419999999998,4989.0326329678064
1785540114,chunked4/source,16,1,0.0059463390000000001,2690.7381176881449
1785540114,chunked4/ascii,16,1,0.0059711979999999996,2679.5355292687232
1785540114,lexer_all/ascii,16,2,0.020466221999999999,781.77776012096126
1785540114,lexer_all/source,16,2,0.021819484,733.2914475885683
1785540114,chunked1/ascii,16,2,0.021883033999999999,731.16173896628504
1785540114,chunked4/ascii,16,2,0.0061189180000000001,2614.847460498464
1785540114,chunked1/source,16,2,0.022441850999999999,712.95549587222581
1785540114,chunked8/ascii,16,2,0.0032532329999999999,4918.1958972192706
1785540114,chunked4/source,16,2,0.0059095479999999997,2707.4898127565098
1785540114,chunked8/source,16,2,0.0032159829999999999,4975.1634284122792
1785540114,chunked2/ascii,16,2,0.011181551,1430.9318263001564
1785540114,chunked2/source,16,2,0.011607427999999999,1378.4312087049436
1785540114,chunked4/ascii,16,3,0.0059583989999999996,2685.2913330071283
1785540114,lexer_all/ascii,16,3,0.020527040999999999,779.46145249567826
1785540114,chunked4/source,16,3,0.0059218990000000004,2701.8429405830129
1785540114,chunked1/ascii,16,3,0.021761454,735.24669782167769
1785540114,lexer_all/source,16,3,0.021495106,744.35739037507449
1785540114,chunked8/source,16,3,0.0031831630000000001,5026.4598476407291
1785540114,chunked8/ascii,16,3,0.0027966050000000002,5721.235996252005
1785540114,chunked2/source,16,3,0.011581928999999999,1381.4659896460776
1785540114,chunked1/source,16,3,0.023421276000000001,683.14130314657518
1785540114,chunked2/ascii,16,3,0.011672778,1370.7137404050982
1785540114,chunked4/ascii,16,4,0.0058764890000000004,2722.7205212667527
1785540114,chunked4/source,16,4,0.005991438,2670.4842824035909
1785540114,chunked1/source,16,4,0.023242446999999999,688.39743973582495
1785540114,chunked2/ascii,16,4,0.011653637999999999,1372.9650082916889
1785540114,chunked8/source,16,4,0.0031442140000000002,5088.7251974565361
1785540114,lexer_all/ascii,16,4,0.020620240000000001,775.93845625940037
1785540114,chunked2/source,16,4,0.011659167999999999,1372.3141315054047
1785540114,chunked8/ascii,16,4,0.0030154449999999998,5306.0285275633751
1785540114,chunked1/ascii,16,4,0.022225852000000001,719.88408783151885
1785540114,lexer_all/source,16,4,0.021837344000000002,732.69171415697826
1785540114,chunked4/ascii,16,5,0.006242287,2563.1691066588801
1785540114,chunked4/source,16,5,0.0061714370000000001,2592.5956965931282
1785540114,chunked2/source,16,5,0.011641917999999999,1374.3475094048597
1785540114,lexer_all/source,16,5,0.021700835000000002,737.30070792186586
1785540114,chunked2/ascii,16,5,0.011612239,1377.8597902866397
1785540114,chunked1/ascii,16,5,0.023253597000000001,688.06719206918137
1785540114,lexer_all/ascii,16,5,0.02063305,775.45671596290128
1785540114,chunked8/source,16,5,0.003275413,4884.8926862034205
1785540114,chunked8/ascii,16,5,0.003011414,5313.1310385414754
1785540114,chunked1/source,16,5,0.023244946999999998,688.3234024149682
1785540114,chunked8/ascii,16,6,0.0031523229999999998,5075.6338082418397
1785540114,lexer_all/ascii,16,6,0.020291762000000001,788.49915513982171
1785540114,chunked2/source,16,6,0.011635799,1375.0702472598234
1785540114,chunked1/source,16,6,0.023187347000000001,690.03327582045517
1785540114,chunked2/ascii,16,6,0.011612628,1377.8136347171665
1785540114,chunked4/source,16,6,0.0061004479999999996,2622.7649195592858
1785540114,chunked1/ascii,16,6,0.023375506000000001,684.47875281494828
1785540114,lexer_all/source,16,6,0.021907093999999998,730.35889689411135
1785540114,chunked8/source,16,6,0.0033157320000000001,4825.4928347633659
1785540114,chunked4/ascii,16,6,0.0059331490000000004,2696.7192621149979
1785540114,chunked1/source,16,7,0.023299546000000001,686.71041950755625
1785540114,chunked8/source,16,7,0.0031603239999999999,5062.7850207749607
1785540114,lexer_all/source,16,7,0.021787023999999999,734.38396212330815
1785540114,chunked4/source,16,7,0.0060888879999999998,2627.7443447794749
1785540114,chunked8/ascii,16,7,0.0031649830000000001,5055.3311639583335
1785540114,chunked2/source,16,7,0.011637618000000001,1374.8553190176551
1785540114,chunked2/ascii,16,7,0.011631898999999999,1375.5309595877973
1785540114,chunked4/ascii,16,7,0.0061374469999999999,2606.9532157749532
1785540114,chunked1/ascii,16,7,0.023316126999999999,686.22190955205986
1785540114,lexer_all/ascii,16,7,0.020860628999999999,766.99687211245362
1785540114,lexer_all/source,16,8,0.021897144,730.69076990111614
1785540114,chunked1/source,16,8,0.023240957,688.44157355463483
1785540114,chunked8/source,16,8,0.0031818129999999999,5028.5925062207007
1785540114,chunked4/source,16,8,0.0057930990000000003,2761.9139614212713
1785540114,chunked4/ascii,16,8,0.0061554670000000004,2599.3214151417492
1785540114,chunked8/ascii,16,8,0.0031957230000000001,5006.7033949119932
1785540114,chunked2/source,16,8,0.011648699,1373.5474672318003
1785540114,chunked2/ascii,16,8,0.011642638,1374.2621898317493
1785540114,lexer_all/ascii,16,8,0.020860449999999999,767.00345358313655
1785540114,chunked1/ascii,16,8,0.023292836000000001,686.90807737187254
1785540114,chunked8/ascii,16,9,0.0032898720000000001,4863.4224046705585
1785540114,chunked2/ascii,16,9,0.011697758000000001,1367.7866470906936
1785540114,lexer_all/ascii,16,9,0.020834800000000001,767.94772175870844
1785540114,chunked4/source,16,9,0.0062471870000000004,2561.159287851573
1785540114,chunked1/source,16,9,0.023239307000000001,688.49045317898697
1785540114,chunked4/ascii,16,9,0.006145897,2603.3689131624465
1785540114,chunked2/source,16,9,0.012098706000000001,1322.4588652700218
1785540114,lexer_all/source,16,9,0.021615286000000001,740.2187973823527
1785540114,chunked1/ascii,16,9,0.023295995999999999,686.81490129455472
1785540114,chunked8/source,16,9,0.003159593,5063.956341210911
1785540114,chunked4/ascii,16,10,0.005903859,2710.0981228207415
1785540114,lexer_all/source,16,10,0.021476605999999999,744.99858161925613
1785540114,chunked4/source,16,10,0.0061645470000000003,2595.493392782244
1785540114,chunked1/ascii,16,10,0.023245406999999999,688.30961717720584
1785540114,lexer_all/ascii,16,10,0.02073885,771.50069523133345
1785540114,chunked8/ascii,16,10,0.003152953,5074.6196322299575
1785540114,chunked2/ascii,16,10,0.011622429,1376.6517475218252
1785540114,chunked2/source,16,10,0.011723648,1364.7664112736586
1785540114,chunked1/source,16,10,0.023298696000000001,686.73547257733242
1785540114,chunked8/source,16,10,0.003273303,4888.0415311370825
1785540114,chunked1/source,16,11,0.023182466999999998,690.17853052462476
1785540114,chunked4/ascii,16,11,0.0058222589999999998,2748.0806321564087
1785540114,chunked4/source,16,11,0.0061579570000000004,2598.2709863020486
1785540114,lexer_all/source,16,11,0.021750775,735.60785801865018
1785540114,chunked1/ascii,16,11,0.023500555999999999,680.83653822055703
1785540114,chunked8/ascii,16,11,0.0031457429999999999,5086.2505911316784
1785540114,lexer_all/ascii,16,11,0.020760480000000001,770.69688144485769
1785540114,chunked2/ascii,16,11,0.011659008,1372.3326369874983
1785540114,chunked2/source,16,11,0.011680888,1369.7623851881472
1785540114,chunked8/source,16,11,0.0032915230000000002,4860.9841122166254
1785540114,chunked2/ascii,16,12,0.011626838,1376.1297089800632
1785540114,chunked1/ascii,16,12,0.023303427000000002,686.59588966456897
1785540114,chunked8/ascii,16,12,0.003037924,5266.7667766864279
1785540114,chunked4/ascii,16,12,0.0059893480000000002,2671.4155185670193
1785540114,chunked4/source,16,12,0.0059768679999999998,2676.9942063294029
1785540114,lexer_all/source,16,12,0.021858883999999999,731.96971117078101
1785540114,chunked1/source,16,12,0.023229786999999998,688.77260940858423
1785540114,chunked2/source,16,12,0.011592939,1380.1539892511817
1785540114,lexer_all/ascii,16,12,0.020592450000000002,776.98560362163505
1785540114,chunked8/source,16,12,0.0049856040000000003,3209.2482692158474
1785540114,chunked1/source,16,13,0.023358126,684.98821386594136
1785540114,chunked2/ascii,16,13,0.011648878,1373.5260334341506
1785540114,chunked4/source,16,13,0.0059887389999999999,2671.6878140783238
1785540114,lexer_all/source,16,13,0.021908963,730.29659176454879
1785540114,chunked8/ascii,16,13,0.0029660749999999999,5394.346802861809
1785540114,chunked4/ascii,16,13,0.0058433690000000002,2738.1528007726947
1785540114,lexer_all/ascii,16,13,0.020836048999999999,767.90168775751783
1785540114,chunked2/source,16,13,0.011669937999999999,1371.0476446400662
1785540114,chunked1/ascii,16,13,0.023377617,684.41694434887609
1785540114,chunked8/source,16,13,0.0032824619999999999,4874.4025088472026
1785540114,chunked2/ascii,16,14,0.011714908,1365.7842804483262
1785540114,chunked1/ascii,16,14,0.023370616,684.62197116662821
1785540114,chunked4/source,16,14,0.0059883080000000003,2671.8801050306038
1785540114,lexer_all/ascii,16,14,0.020805770000000001,769.01922847836624
1785540114,chunked8/source,16,14,0.0032664230000000001,4898.3371131037238
1785540114,chunked4/ascii,16,14,0.0058453890000000003,2737.2065731294083
1785540114,lexer_all/source,16,14,0.021692764999999999,737.57499369009008
1785540114,chunked1/source,16,14,0.023231667000000001,688.71687115675365
1785540114,chunked8/ascii,16,14,0.0032360829999999998,4944.2604510756801
1785540114,chunked2/source,16,14,0.011641678000000001,1374.3758423824818
1785540114,chunked1/source,128,0,0.188492031,679.07437805087932
1785540114,lexer_all/ascii,128,0,0.16456695800000001,777.79895299149007
1785540114,chunked1/ascii,128,0,0.19002993300000001,673.57813376377146
1785540114,chunked8/ascii,128,0,0.024351589999999999,5256.3305981003514
1785540114,chunked8/source,128,0,0.024259851999999998,5276.2114426284252
1785540114,chunked4/source,128,0,0.047807495999999998,2677.4066710976053
1785540114,chunked2/source,128,0,0.094513908999999993,1354.2991721871549
1785540114,chunked2/ascii,128,0,0.095734132999999999,1337.0362651050962
1785540114,chunked4/ascii,128,0,0.048506563000000003,2638.8183312306528
1785540114,lexer_all/source,128,0,0.174308876,734.32926455719939
1785540114,chunked2/source,128,1,0.093844522,1363.9593019491545
1785540114,chunked1/source,128,1,0.187626296,682.20772593022923
1785540114,chunked1/ascii,128,1,0.18982571300000001,674.30278862903322
1785540114,lexer_all/source,128,1,0.178840782,715.72103011086176
1785540114,lexer_all/ascii,128,1,0.17445360600000001,733.71947169377813
1785540114,chunked8/source,128,1,0.023438745,5461.0478811417615
1785540114,chunked2/ascii,128,1,0.089380467000000005,1432.0803182802181
1785540114,chunked8/ascii,128,1,0.023230546000000001,5509.9870502137364
1785540114,chunked4/source,128,1,0.046654162999999998,2743.594579520633
1785540114,chunked4/ascii,128,1,0.045151741000000002,2834.8853176978164
1785540114,lexer_all/ascii,128,2,0.157574995,812.31167184485412
1785540114,lexer_all/source,128,2,0.174424145,733.8439796788
1785540114,chunked1/ascii,128,2,0.175552029,729.12861422635297
1785540114,chunked4/ascii,128,2,0.048351053999999997,2647.3054264627726
1785540114,chunked1/source,128,2,0.18028534399999999,709.98621340441343
1785540114,chunked8/ascii,128,2,0.024491671,5226.2668247256197
1785540114,chunked4/source,128,2,0.047747935999999998,2680.7464247014168
1785540114,chunked8/source,128,2,0.024234892000000001,5281.6455183242433
1785540114,chunked2/ascii,128,2,0.095950751000000001,1334.0177778222344
1785540114,chunked2/source,128,2,0.090011072999999997,1422.0484708461599
1785540114,chunked4/ascii,128,3,0.044617973999999998,2868.7991890755625
1785540114,lexer_all/ascii,128,3,0.157298776,813.73810327293666
1785540114,chunked4/source,128,3,0.047480557999999999,2695.8425534694024
1785540114,chunked1/ascii,128,3,0.19076875900000001,670.96944122488378
1785540114,lexer_all/source,128,3,0.17228486700000001,742.95619196125949
1785540114,chunked8/source,128,3,0.023981292000000001,5337.4984433229065
1785540114,chunked8/ascii,128,3,0.024302672000000001,5266.9108824492441
1785540114,chunked2/source,128,3,0.094563378000000003,1353.5906968009547
1785540114,chunked1/source,128,3,0.18009661599999999,710.73022670715852
1785540114,chunked2/ascii,128,3,0.088041543,1453.8592040509163
1785540114,chunked4/ascii,128,4,0.044166016000000002,2898.1560761422202
1785540114,chunked4/source,128,4,0.046391913999999999,2759.1038541516541
1785540114,chunked1/source,128,4,0.18043060399999999,709.4146219167568
1785540114,chunked2/ascii,128,4,0.088871887999999996,1440.2755529329424
1785540114,chunked8/source,128,4,0.023358496999999999,5479.8092839137753
1785540114,lexer_all/ascii,128,4,0.15707681700000001,814.88796420794881
1785540114,chunked2/source,128,4,0.091177957000000004,1403.8492737764684
1785540114,chunked8/ascii,128,4,0.023306466000000001,5492.038459601491
1785540114,chunked1/ascii,128,4,0.17553787000000001,729.18742621973547
1785540114,lexer_all/source,128,4,0.16850968599999999,759.60089747524705
1785540114,chunked4/ascii,128,5,0.045719688000000001,2799.6693159715905
1785540114,chunked4/source,128,5,0.046141214999999999,2774.0948893277318
1785540114,chunked2/source,128,5,0.090597259999999999,1412.8474604957376
1785540114,lexer_all/source,128,5,0.17329577199999999,738.62222512198434
1785540114,chunked2/ascii,128,5,0.087381766,1464.8365842067615
1785540114,chunked1/ascii,128,5,0.17490745299999999,731.81562840203583
1785540114,lexer_all/ascii,128,5,0.164926656,776.10260666046929
1785540114,chunked8/source,128,5,0.023222157,5511.9818851828477
1785540114,chunked8/ascii,128,5,0.023303715999999999,5492.6865582036162
1785540114,chunked1/source,128,5,0.18151055799999999,705.1937370985994
1785540114,chunked8/ascii,128,6,0.023404775999999999,5468.9695654166717
1785540114,lexer_all/ascii,128,6,0.162354059,788.40041584297273
1785540114,chunked2/source,128,6,0.090612990000000004,1412.6021966483179
1785540114,chunked1/source,128,6,0.18106818999999999,706.91659710561021
1785540114,chunked2/ascii,128,6,0.088638090000000003,1444.0745240493623
1785540114,chunked4/source,128,6,0.046466894000000002,2754.6517036166019
1785540114,chunked1/ascii,128,6,0.17598862700000001,727.31976952916693
1785540114,lexer_all/source,128,6,0.16872846599999999,758.61596891938837
1785540114,chunked8/source,128,6,0.023652604000000001,5411.6708975837109
1785540114,chunked4/ascii,128,6,0.048121165,2659.9523853878959
1785540114,chunked1/source,128,7,0.18096411100000001,707.32317038748124
1785540114,chunked8/source,128,7,0.023988683,5335.853940746646
1785540114,lexer_all/source,128,7,0.17332831100000001,738.48356324704548
1785540114,chunked4/source,128,7,0.047058700000000002,2720.0094503008386
1785540114,chunked8/ascii,128,7,0.024398181000000001,5246.2930588716645
1785540114,chunked2/source,128,7,0.091700493999999994,1395.8497183109187
1785540114,chunked2/ascii,128,7,0.089140187999999995,1435.9405168563762
1785540114,chunked4/ascii,128,7,0.048062204999999997,2663.2154648209448
1785540114,chunked1/ascii,128,7,0.17709929099999999,722.75844192619911
1785540114,lexer_all/ascii,128,7,0.164463628,778.2876322623415
1785540114,lexer_all/source,128,8,0.174203357,734.77406476657086
1785540114,chunked1/source,128,8,0.18127586900000001,706.10671693358188
1785540114,chunked8/source,128,8,0.022915278000000001,5585.7977685835649
1785540114,chunked4/source,128,8,0.045954477000000001,2785.3675435991158
1785540114,chunked4/ascii,128,8,0.044962621000000001,2846.8093003162458
1785540114,chunked8/ascii,128,8,0.023423185999999999,5464.6711010788431
1785540114,chunked2/source,128,8,0.091371986000000002,1400.8681908136709
1785540114,chunked2/ascii,128,8,0.089402365999999997,1431.7295319610953
1785540114,lexer_all/ascii,128,8,0.159984652,800.07679505028102
1785540114,chunked1/ascii,128,8,0.17716557099999999,722.48804836575459
1785540114,chunked8/ascii,128,9,0.023614645,5420.3655244190431
1785540114,chunked2/ascii,128,9,0.090043371999999997,1421.5372523964843
1785540114,lexer_all/ascii,128,9,0.16344415400000001,783.14215893824212
1785540114,chunked4/source,128,9,0.045644478000000002,2804.284643563501
1785540114,chunked1/source,128,9,0.17867166300000001,716.39848518604799
1785540114,chunked4/ascii,128,9,0.044395303999999997,2883.1879973024747
1785540114,chunked2/source,128,9,0.091049318000000004,1405.8327017767674
1785540114,lexer_all/source,128,9,0.172277927,742.98612101869594
1785540114,chunked1/ascii,128,9,0.175706788,728.48641242815575
1785540114,chunked8/source,128,9,0.038011819000000002,3367.3765709257973
1785540114,chunked4/ascii,128,10,0.044674653000000002,2865.1595263514309
1785540114,lexer_all/source,128,10,0.17364074900000001,737.15478340209222
1785540114,chunked4/source,128,10,0.045865677000000001,2790.7602610743556
1785540114,chunked1/ascii,128,10,0.17805420599999999,718.88224661985544
1785540114,lexer_all/ascii,128,10,0.16603933000000001,770.9017353261695
1785540114,chunked8/ascii,128,10,0.033960900000000002,3769.0405033257225
1785540114,chunked2/ascii,128,10,0.091600614999999996,1397.3706140443985
1785540114,chunked2/source,128,10,0.094706927999999996,1351.539020660369
1785540114,chunked1/source,128,10,0.180261584,710.07979558679608
1785540114,chunked8/source,128,10,0.023103768,5540.2265430847501
1785540114,chunked1/source,128,11,0.17947181800000001,713.20450277531631
1785540114,chunked4/ascii,128,11,0.046004726000000003,2782.3230080621397
1785540114,chunked4/source,128,11,0.048187595,2656.2875511606685
1785540114,lexer_all/source,128,11,0.169068734,757.08917722700915
1785540114,chunked1/ascii,128,11,0.17003474800000001,752.78735161470945
1785540114,chunked8/ascii,128,11,0.022611599999999999,5660.8116024250621
1785540114,lexer_all/ascii,128,11,0.15665937999999999,817.05932724484512
1785540114,chunked2/ascii,128,11,0.088000553999999995,1454.5363842754277
1785540114,chunked2/source,128,11,0.090376369999999998,1416.3006183903167
1785540114,chunked8/source,128,11,0.023155157999999999,5527.9306977249771
1785540114,chunked2/ascii,128,12,0.089579864999999995,1428.8926158729369
1785540114,chunked1/ascii,128,12,0.177433639,721.39650829905213
1785540114,chunked8/ascii,128,12,0.023654105000000002,5411.323219770713
1785540114,chunked4/ascii,128,12,0.047147590000000003,2714.8791195773638
1785540114,chunked4/source,128,12,0.047307819000000001,2705.6861090736834
1785540114,lexer_all/source,128,12,0.16971214100000001,754.21892602764387
1785540114,chunked1/source,128,12,0.18045713299999999,709.31033088546337
1785540114,chunked2/source,128,12,0.090226011999999994,1418.6608260916162
1785540114,lexer_all/ascii,128,12,0.15585653399999999,821.26815183375334
1785540114,chunked8/source,128,12,0.023252465999999999,5504.7971565197458
1785540114,chunked1/source,128,13,0.178720463,716.20287106615251
1785540114,chunked2/ascii,128,13,0.088129112999999995,1452.4145684910563
1785540114,chunked4/source,128,13,0.046794391999999997,2735.3728352506873
1785540114,lexer_all/source,128,13,0.17454541400000001,733.3341265492777
1785540114,chunked8/ascii,128,13,0.023261397,5502.6792943430928
1785540114,chunked4/ascii,128,13,0.046359464000000003,2761.0329495913611
1785540114,lexer_all/ascii,128,13,0.16190560200000001,790.58418021505224
1785540114,chunked2/source,128,13,0.089348265999999996,1432.5975695921404
1785540114,chunked1/ascii,128,13,0.173294902,738.62534992168742
1785540114,chunked8/source,128,13,0.023485494999999999,5450.1771718616992
1785540114,chunked2/ascii,128,14,0.095483713999999997,1340.5428241866937
1785540114,chunked1/ascii,128,14,0.19013281200000001,673.21366724116263
1785540114,chunked4/source,128,14,0.047405479,2700.1121266778482
1785540114,lexer_all/ascii,128,14,0.16671931600000001,767.75751424864609
1785540114,chunked8/source,128,14,0.023937422999999999,5347.280228071003
1785540114,chunked4/ascii,128,14,0.048180035000000003,2656.7022549774929
1785540114,lexer_all/source,128,14,0.17407123699999999,735.33175799096591
1785540114,chunked1/source,128,14,0.18517314900000001,691.2455148606457
1785540114,chunked8/ascii,128,14,0.024287810999999999,5270.1335509154997
1785540114,chunked2/source,128,14,0.094245200000000001,1358.1605081094006
1785540114,chunked1/source,512,0,0.71655800199999997,714.52708462783062
1785540114,lexer_all/ascii,512,0,0.62522302500000004,818.90785416350775
1785540114,chunked1/ascii,512,0,0.70402930799999996,727.24251669415901
1785540114,chunked8/ascii,512,0,0.091949852999999998,5568.2530104356683
1785540114,chunked8/source,512,0,0.096991735999999995,5278.8012798925802
1785540114,chunked4/source,512,0,0.192023952,2666.3345629705777
1785540114,chunked2/source,512,0,0.361838722,1414.9953252814198
1785540114,chunked2/ascii,512,0,0.35137950699999998,1457.1141332279437
1785540114,chunked4/ascii,512,0,0.19253237000000001,2659.2933218261801
1785540114,lexer_all/source,512,0,0.67509214100000003,758.4151392688234
1785540114,chunked2/source,512,1,0.36087055699999998,1418.7915589240029
1785540114,chunked1/source,512,1,0.72358505399999995,707.58799854343488
1785540114,chunked1/ascii,512,1,0.70832540600000005,722.83168362927131
1785540114,lexer_all/source,512,1,0.69565099200000002,736.00139441158626
1785540114,lexer_all/ascii,512,1,0.68156316699999997,751.21437097314151
1785540114,chunked8/source,512,1,0.092330450999999994,5545.3005437588872
1785540114,chunked2/ascii,512,1,0.35220414300000003,1453.7025073449154
1785540114,chunked8/ascii,512,1,0.093589983000000002,5470.6714261970446
1785540114,chunked4/source,512,1,0.185371288,2762.0248295183837
1785540114,chunked4/ascii,512,1,0.17997534600000001,2844.8343462352182
1785540114,lexer_all/ascii,512,2,0.62730683499999995,816.18757713100194
1785540114,lexer_all/source,512,2,0.695443594,736.2208877227838
1785540114,chunked1/ascii,512,2,0.67891914099999995,754.13994812729436
1785540114,chunked4/ascii,512,2,0.179732477,2848.6785155493471
1785540114,chunked1/source,512,2,0.71741434800000004,713.67418502731584
1785540114,chunked8/ascii,512,2,0.091620514,5588.26864665229
1785540114,chunked4/source,512,2,0.18530542699999999,2763.0065045844731
1785540114,chunked8/source,512,2,0.096547078999999994,5303.1133146534994
1785540114,chunked2/ascii,512,2,0.35930336499999999,1424.9798238777062
1785540114,chunked2/source,512,2,0.36388512099999998,1407.037745123421
1785540114,chunked4/ascii,512,3,0.19293423800000001,2653.7542070493841
1785540114,lexer_all/ascii,512,3,0.62748077300000005,815.96132950573633
1785540114,chunked4/source,512,3,0.18382369600000001,2785.2780206084162
1785540114,chunked1/ascii,512,3,0.70935282,721.7847470830767
1785540114,lexer_all/source,512,3,0.687242087,745.00690487514225
1785540114,chunked8/source,512,3,0.092229801,5551.3521072847507
1785540114,chunked8/ascii,512,3,0.092100830999999994,5559.1251481364725
1785540114,chunked2/source,512,3,0.36651135800000001,1396.9556166818797
1785540114,chunked1/source,512,3,0.71890100899999998,712.19833290817269
1785540114,chunked2/ascii,512,3,0.34734532800000001,1474.0375197341568
1785540114,chunked4/ascii,512,4,0.17865688399999999,2865.8288128229483
1785540114,chunked4/source,512,4,0.18530595699999999,2762.9986020136594
1785540114,chunked1/source,512,4,0.72053246100000001,710.58575130011138
1785540114,chunked2/ascii,512,4,0.34962338599999998,1464.4330621990121
1785540114,chunked8/source,512,4,0.093089027000000005,5500.1122757014446
1785540114,lexer_all/ascii,512,4,0.62474282800000003,819.53729251353195
1785540114,chunked2/source,512,4,0.36777154099999998,1392.1688957868637
1785540114,chunked8/ascii,512,4,0.090912528000000006,5631.7875769153306
1785540114,chunked1/ascii,512,4,0.70130975200000001,730.06263539932525
1785540114,lexer_all/source,512,4,0.67839660400000001,754.72090679245673
1785540114,chunked4/ascii,512,5,0.181551198,2820.141378391605
1785540114,chunked4/source,512,5,0.187331517,2733.1231195645696
1785540114,chunked2/source,512,5,0.36164396300000001,1415.7573539691666
1785540114,lexer_all/source,512,5,0.67631351500000003,757.04549558765393
1785540114,chunked2/ascii,512,5,0.35706275700000001,1433.9217287127124
1785540114,chunked1/ascii,512,5,0.70952701900000004,721.60753863605464
1785540114,lexer_all/ascii,512,5,0.62392608199999999,820.61010197738005
1785540114,chunked8/source,512,5,0.092744388999999997,5520.5506840505814
1785540114,chunked8/ascii,512,5,0.097839710999999996,5233.0494493832593
1785540114,chunked1/source,512,5,0.71997505299999998,711.13589005951746
1785540114,chunked8/ascii,512,6,0.097091066000000004,5273.4001888120911
1785540114,lexer_all/ascii,512,6,0.62589336200000001,818.03079703594494
1785540114,chunked2/source,512,6,0.35919779600000001,1425.3987798293817
1785540114,chunked1/source,512,6,0.71845411100000001,712.64133964403356
1785540114,chunked2/ascii,512,6,0.34995482500000002,1463.0461110983886
1785540114,chunked4/source,512,6,0.18309402999999999,2796.377905581101
1785540114,chunked1/ascii,512,6,0.698478767,733.02163210405388
1785540114,lexer_all/source,512,6,0.69054252999999999,741.44614979153164
1785540114,chunked8/source,512,6,0.10685220300000001,4791.6662994379558
1785540114,chunked4/ascii,512,6,0.18111922,2826.8675504254447
1785540114,chunked1/source,512,7,0.72247280999999997,708.67732743575948
1785540114,chunked8/source,512,7,0.092169022000000003,5555.0128343100268
1785540114,lexer_all/source,512,7,0.67586875700000004,757.54367224849125
1785540114,chunked4/source,512,7,0.184119324,2780.8058872506135
1785540114,chunked8/ascii,512,7,0.096249039999999994,5319.5340522499464
1785540114,chunked2/source,512,7,0.36668468599999998,1396.2952904332724
1785540114,chunked2/ascii,512,7,0.35712807699999999,1433.6594593103562
1785540114,chunked4/ascii,512,7,0.18104672999999999,2827.999410850266
1785540114,chunked1/ascii,512,7,0.71849072199999997,712.60495104398467
1785540114,lexer_all/ascii,512,7,0.62452628899999996,819.82144674195968
1785540114,lexer_all/source,512,8,0.69460804799999998,737.10648992624863
1785540114,chunked1/source,512,8,0.73879363399999998,693.02180821959178
1785540114,chunked8/source,512,8,0.094347340000000002,5426.7571309991699
1785540114,chunked4/source,512,8,0.18965490400000001,2699.6407123530175
1785540114,chunked4/ascii,512,8,0.190741559,2684.2605694355639
1785540114,chunked8/ascii,512,8,0.095874212,5340.3312016412419
1785540114,chunked2/source,512,8,0.37406940700000002,1368.7302157158315
1785540114,chunked2/ascii,512,8,0.37597046699999997,1361.8092129996137
1785540114,lexer_all/ascii,512,8,0.62594595200000003,817.96206867452861
1785540114,chunked1/ascii,512,8,0.74350862900000003,688.62690466013032
1785540114,chunked8/ascii,512,9,0.094891566999999996,5395.6327412779183
1785540114,chunked2/ascii,512,9,0.37537221999999998,1363.979587451536
1785540114,lexer_all/ascii,512,9,0.67398962699999998,759.65567609005234
1785540114,chunked4/source,512,9,0.186199803,2749.7349185477024
1785540114,chunked1/source,512,9,0.72496867700000001,706.23754705446845
1785540114,chunked4/ascii,512,9,0.178223135,2872.8034986948646
1785540114,chunked2/source,512,9,0.35832554100000003,1428.868560993265
1785540114,lexer_all/source,512,9,0.675114141,758.39042473234645
1785540114,chunked1/ascii,512,9,0.69813064999999996,733.38714719997927
1785540114,chunked8/source,512,9,0.092493488999999998,5535.5258588613005
1785540114,chunked4/ascii,512,10,0.180739342,2832.8090614403541
1785540114,lexer_all/source,512,10,0.67569650800000003,757.73678578164743
1785540114,chunked4/source,512,10,0.18266270200000001,2802.9810931834522
1785540114,chunked1/ascii,512,10,0.68609572299999999,746.25162147580852
1785540114,lexer_all/ascii,512,10,0.62458057899999997,819.75018595057406
1785540114,chunked8/ascii,512,10,0.089449446000000002,5723.9040449324548
1785540114,chunked2/ascii,512,10,0.35699595699999997,1434.1900397946727
1785540114,chunked2/source,512,10,0.364598908,1404.2831421091453
1785540114,chunked1/source,512,10,0.71995958299999996,711.15117046202749
1785540114,chunked8/source,512,10,0.093066846999999994,5501.4230807217873
1785540114,chunked1/source,512,11,0.72044903100000002,710.66803910491092
1785540114,chunked4/ascii,512,11,0.18046591400000001,2837.1011147089371
1785540114,chunked4/source,512,11,0.19058403900000001,2686.479428299886
1785540114,lexer_all/source,512,11,0.67476970300000005,758.77754715345179
1785540114,chunked1/ascii,512,11,0.70125402299999995,730.12065383383504
1785540114,chunked8/ascii,512,11,0.090802578999999994,5638.6068701459153
1785540114,lexer_all/ascii,512,11,0.67224185599999997,761.63071550303346
1785540114,chunked2/ascii,512,11,0.35253225100000002,1452.3495207148214
1785540114,chunked2/source,512,11,0.36371620199999999,1407.6912090262156
1785540114,chunked8/source,512,11,0.093270246000000001,5489.4258575859576
1785540114,chunked2/ascii,512,12,0.35842001000000001,1428.4918014939153
1785540114,chunked1/ascii,512,12,0.71299813099999998,718.0945131767354
1785540114,chunked8/ascii,512,12,0.091388004999999994,5602.4862975876013
1785540114,chunked4/ascii,512,12,0.18004853600000001,2843.6779168055396
1785540114,chunked4/source,512,12,0.185306627,2762.9886120360025
1785540114,lexer_all/source,512,12,0.67428716600000005,759.3205476133935
1785540114,chunked1/source,512,12,0.71958002600000004,711.52628149214797
1785540114,chunked2/source,512,12,0.36094499600000002,1418.4989563778388
1785540114,lexer_all/ascii,512,12,0.62463867900000003,819.6739378932491
1785540114,chunked8/source,512,12,0.096447089,5308.6112338320881
1785540114,chunked1/source,512,13,0.71843875099999999,712.65657569715813
1785540114,chunked2/ascii,512,13,0.38158772800000001,1341.7623477041357
1785540114,chunked4/source,512,13,0.18338780800000001,2791.8982495052405
1785540114,lexer_all/source,512,13,0.67494984199999997,758.57503517395185
1785540114,chunked8/ascii,512,13,0.090101611999999998,5682.473758364803
1785540114,chunked4/ascii,512,13,0.193543204,2645.4044120111143
1785540114,lexer_all/ascii,512,13,0.62862205800000004,814.47992360517378
1785540114,chunked2/source,512,13,0.35921559600000003,1425.3281478786439
1785540114,chunked1/ascii,512,13,0.68522944699999999,747.19504250430612
1785540114,chunked8/source,512,13,0.093083266999999997,5500.4526230885649
1785540114,chunked2/ascii,512,14,0.35331786700000001,1449.1201651468341
1785540114,chunked1/ascii,512,14,0.700841555,730.55035353371306
1785540114,chunked4/source,512,14,0.18248958300000001,2805.6401451462748
1785540114,lexer_all/ascii,512,14,0.62617305000000001,817.66541338112074
1785540114,chunked8/source,512,14,0.091567894999999996,5591.480508925134
1785540114,chunked4/ascii,512,14,0.187195788,2735.1045194262979
1785540114,lexer_all/source,512,14,0.67558869799999999,757.85770491945561
1785540114,chunked1/source,512,14,0.72348158500000004,707.68919451599197
1785540114,chunked8/ascii,512,14,0.090631790000000004,5649.2324136637617
1785540114,chunked2/source,512,14,0.36075542799999999,1419.2443422800093
