run,commit,dirty,scenario,input_mib,round,seconds,mib_per_s
1786139670,40450d2,no,no-actions-declared,1,0,0.00096201499999999998,1039.4868139775708
1786139670,40450d2,no,depth-16,1,0,0.001651472,605.53715506843332
1786139670,40450d2,no,depth-4,1,0,0.0013124129999999999,761.96544185437801
1786139670,40450d2,no,actions-90pc,1,0,0.001295023,772.19221258635162
1786139670,40450d2,no,body-8,1,0,0.001439933,694.48006842789357
1786139670,40450d2,no,actions-40pc,1,0,0.0014002019999999999,714.18403012467695
1786139670,40450d2,no,actions-1pc,1,0,0.0010367950000000001,964.51266388112663
1786139670,40450d2,no,one-action-never-fires,1,0,0.0010305550000000001,970.35277821041359
1786139670,40450d2,no,body-512,1,0,0.0011482440000000001,871.18157607543355
1786139670,40450d2,no,per-token,1,0,0.0021340590000000002,468.59284039081484
1786139670,40450d2,no,go-to,1,0,0.0012298039999999999,813.14158058648536
1786139670,40450d2,no,batched,1,0,0.0012554529999999999,796.5290364287489
1786139670,40450d2,no,depth-1,1,0,0.001199484,833.69420602771629
1786139670,40450d2,no,push-pop,1,0,0.001256344,795.96413750659224
1786139670,40450d2,no,action-never-fires,1,0,0.0010439539999999999,957.89843934563487
1786139670,40450d2,no,actions-10pc,1,0,0.001125514,888.48803484088023
1786139670,40450d2,no,body-128,1,0,0.001173274,852.35972024700618
1786139670,40450d2,no,body-32,1,0,0.0012585140000000001,794.59169176630689
1786139670,40450d2,no,action-never-fires,1,1,0.001046775,955.31695669903547
1786139670,40450d2,no,body-32,1,1,0.001257923,794.96500848746871
1786139670,40450d2,no,no-actions-declared,1,1,0.00097315499999999996,1027.58749361472
1786139670,40450d2,no,push-pop,1,1,0.001252544,798.37895385038928
1786139670,40450d2,no,depth-4,1,1,0.001267563,788.92595590154474
1786139670,40450d2,no,per-token,1,1,0.0021411189999999999,467.04772988870872
1786139670,40450d2,no,actions-90pc,1,1,0.001246474,802.26837922027642
1786139670,40450d2,no,go-to,1,1,0.0012355529999999999,809.35805131109885
1786139670,40450d2,no,body-128,1,1,0.001168964,855.50239221488937
1786139670,40450d2,no,actions-40pc,1,1,0.0012911940000000001,774.4784341846638
1786139670,40450d2,no,actions-1pc,1,1,0.001046064,955.96627677525737
1786139670,40450d2,no,body-512,1,1,0.001149644,870.12067878331038
1786139670,40450d2,no,body-8,1,1,0.0013242429999999999,755.15201392160054
1786139670,40450d2,no,depth-1,1,1,0.0011924150000000001,838.63659969301727
1786139670,40450d2,no,depth-16,1,1,0.0016097310000000001,621.23898748000488
1786139670,40450d2,no,actions-10pc,1,1,0.001122954,890.51352241133509
1786139670,40450d2,no,batched,1,1,0.0012625340000000001,792.06165407947981
1786139670,40450d2,no,one-action-never-fires,1,1,0.001045715,956.28532377237855
1786139670,40450d2,no,body-32,1,2,0.001252513,798.3987139227952
1786139670,40450d2,no,action-never-fires,1,2,0.001038715,962.72982227909756
1786139670,40450d2,no,push-pop,1,2,0.001251743,798.88984270060382
1786139670,40450d2,no,body-8,1,2,0.001331683,750.93304365346864
1786139670,40450d2,no,depth-1,1,2,0.0011977139999999999,834.92625202924012
1786139670,40450d2,no,depth-4,1,2,0.001268024,788.63913572647652
1786139670,40450d2,no,body-128,1,2,0.001172504,852.91947695964018
1786139670,40450d2,no,actions-40pc,1,2,0.0012969430000000001,771.04537928701018
1786139670,40450d2,no,body-512,1,2,0.0011526139999999999,867.8785939084205
1786139670,40450d2,no,one-action-never-fires,1,2,0.001034835,966.33947184684791
1786139670,40450d2,no,actions-1pc,1,2,0.0010434540000000001,958.35744301965656
1786139670,40450d2,no,per-token,1,2,0.0021465989999999999,465.85541518074967
1786139670,40450d2,no,actions-90pc,1,2,0.001245854,802.66762856660159
1786139670,40450d2,no,actions-10pc,1,2,0.0011161540000000001,895.93884181385215
1786139670,40450d2,no,batched,1,2,0.0012533939999999999,797.83752624600254
1786139670,40450d2,no,depth-16,1,2,0.0015974509999999999,626.0146048643594
1786139670,40450d2,no,go-to,1,2,0.001234604,809.98017856056026
1786139670,40450d2,no,no-actions-declared,1,2,0.00097673500000000006,1023.8211053649483
1786139670,40450d2,no,no-actions-declared,1,3,0.00097285500000000001,1027.904371513363
1786139670,40450d2,no,push-pop,1,3,0.001252654,798.30884535680411
1786139670,40450d2,no,actions-90pc,1,3,0.001249003,800.6439341780723
1786139670,40450d2,no,action-never-fires,1,3,0.001039625,961.88712982915263
1786139670,40450d2,no,body-32,1,3,0.0012559839999999999,796.19228300008763
1786139670,40450d2,no,go-to,1,3,0.0012362930000000001,808.87359903484207
1786139670,40450d2,no,body-512,1,3,0.001151354,868.82836871992458
1786139670,40450d2,no,body-8,1,3,0.001336753,748.08492546609739
1786139670,40450d2,no,depth-4,1,3,0.0012678940000000001,788.7199966562107
1786139670,40450d2,no,actions-1pc,1,3,0.001048654,953.60519995025322
1786139670,40450d2,no,depth-16,1,3,0.0015996020000000001,625.17279708025853
1786139670,40450d2,no,depth-1,1,3,0.001202414,831.66268940893008
1786139670,40450d2,no,per-token,1,3,0.0021523190000000002,464.61735847315475
1786139670,40450d2,no,one-action-never-fires,1,3,0.0010507240000000001,951.72653080031751
1786139670,40450d2,no,actions-10pc,1,3,0.001151235,868.63735210091636
1786139670,40450d2,no,actions-40pc,1,3,0.001321163,756.91031867273966
1786139670,40450d2,no,body-128,1,3,0.001169834,854.86615914145591
1786139670,40450d2,no,batched,1,3,0.0012568729999999999,795.62912750260534
1786139670,40450d2,no,depth-4,1,4,0.0012668239999999999,789.38617474915986
1786139670,40450d2,no,body-512,1,4,0.0011520440000000001,868.30799660356729
1786139670,40450d2,no,depth-1,1,4,0.0011996940000000001,833.54827232856815
1786139670,40450d2,no,depth-16,1,4,0.001590431,628.77776939406726
1786139670,40450d2,no,actions-90pc,1,4,0.001250714,799.54863839392124
1786139670,40450d2,no,go-to,1,4,0.0012378840000000001,807.8339879759186
1786139670,40450d2,no,one-action-never-fires,1,4,0.001037554,963.80709567755787
1786139670,40450d2,no,push-pop,1,4,0.0012558339999999999,796.28738222693607
1786139670,40450d2,no,body-32,1,4,0.0012522939999999999,798.53833714094458
1786139670,40450d2,no,actions-10pc,1,4,0.0011218840000000001,891.3628521717917
1786139670,40450d2,no,action-never-fires,1,4,0.0010416239999999999,960.04115434036942
1786139670,40450d2,no,body-8,1,4,0.001347263,742.24911422015009
1786139670,40450d2,no,batched,1,4,0.001258424,794.64851939535652
1786139670,40450d2,no,actions-40pc,1,4,0.0012970729999999999,770.96810075349106
1786139670,40450d2,no,no-actions-declared,1,4,0.00097538500000000005,1025.2381442698347
1786139670,40450d2,no,actions-1pc,1,4,0.001046185,955.8557113212604
1786139670,40450d2,no,body-128,1,4,0.0011694640000000001,855.13662533697993
1786139670,40450d2,no,per-token,1,4,0.002145129,466.17465353905618
1786139670,40450d2,no,go-to,1,5,0.001236233,808.91285734289738
1786139670,40450d2,no,push-pop,1,5,0.0012560539999999999,796.14791113406113
1786139670,40450d2,no,body-128,1,5,0.001170414,854.44252923588226
1786139670,40450d2,no,actions-1pc,1,5,0.0010478849999999999,954.30501185591254
1786139670,40450d2,no,body-512,1,5,0.0011472139999999999,871.9637466411325
1786139670,40450d2,no,actions-90pc,1,5,0.001247293,801.74159216817122
1786139670,40450d2,no,action-never-fires,1,5,0.0010377050000000001,963.66684881409719
1786139670,40450d2,no,depth-4,1,5,0.0012628629999999999,791.86210336388808
1786139670,40450d2,no,actions-10pc,1,5,0.0011167250000000001,895.4807334356251
1786139670,40450d2,no,no-actions-declared,1,5,0.00097675499999999994,1023.8001416410798
1786139670,40450d2,no,batched,1,5,0.0012530429999999999,798.06101496244116
1786139670,40450d2,no,actions-40pc,1,5,0.001298163,770.32075890980786
1786139670,40450d2,no,one-action-never-fires,1,5,0.0010434649999999999,958.34734020655492
1786139670,40450d2,no,depth-1,1,5,0.001199014,834.02100477805027
1786139670,40450d2,no,body-8,1,5,0.0013361029999999999,748.44886088241856
1786139670,40450d2,no,per-token,1,5,0.0021469990000000001,465.76862326045887
1786139670,40450d2,no,body-32,1,5,0.001258264,794.74956636411912
1786139670,40450d2,no,depth-16,1,5,0.0015925309999999999,627.94862803623653
1786139670,40450d2,no,actions-10pc,1,6,0.0011212749999999999,891.84697959545917
1786139670,40450d2,no,depth-16,1,6,0.001591271,628.44585023869331
1786139670,40450d2,no,actions-40pc,1,6,0.001299274,769.66206308186941
1786139670,40450d2,no,actions-90pc,1,6,0.001249783,800.14424561721103
1786139670,40450d2,no,go-to,1,6,0.001235554,809.35739625429721
1786139670,40450d2,no,body-32,1,6,0.001250623,799.6052914200219
1786139670,40450d2,no,actions-1pc,1,6,0.0010463950000000001,955.66388156349444
1786139670,40450d2,no,body-8,1,6,0.001330403,751.6555272136203
1786139670,40450d2,no,body-128,1,6,0.001170604,854.30384520562541
1786139670,40450d2,no,depth-4,1,6,0.001271934,786.21481259281518
1786139670,40450d2,no,no-actions-declared,1,6,0.00097427500000000003,1026.4062070243338
1786139670,40450d2,no,one-action-never-fires,1,6,0.0010385139999999999,962.91615457146736
1786139670,40450d2,no,push-pop,1,6,0.001260604,793.27431007007908
1786139670,40450d2,no,body-512,1,6,0.0011505840000000001,869.40981070409475
1786139670,40450d2,no,per-token,1,6,0.0021409990000000002,467.07390726085436
1786139670,40450d2,no,action-never-fires,1,6,0.001042814,958.9456100020069
1786139670,40450d2,no,depth-1,1,6,0.001204154,830.46093857010749
1786139670,40450d2,no,batched,1,6,0.001257174,795.43863329306998
1786139670,40450d2,no,body-512,1,7,0.0011522640000000001,868.14221188821318
1786139670,40450d2,no,no-actions-declared,1,7,0.00097739500000000004,1023.129755471056
1786139670,40450d2,no,actions-90pc,1,7,0.0012447230000000001,803.39696118752101
1786139670,40450d2,no,per-token,1,7,0.00214394,466.43318766923608
1786139670,40450d2,no,one-action-never-fires,1,7,0.001038604,962.83271328497938
1786139670,40450d2,no,body-32,1,7,0.0012539140000000001,797.50666183771932
1786139670,40450d2,no,depth-4,1,7,0.001267223,789.13762726878349
1786139670,40450d2,no,body-8,1,7,0.001326973,753.59842918550873
1786139670,40450d2,no,actions-10pc,1,7,0.001169004,855.43396091535908
1786139670,40450d2,no,batched,1,7,0.0012575939999999999,795.17297981032198
1786139670,40450d2,no,push-pop,1,7,0.0012601629999999999,793.55192016555168
1786139670,40450d2,no,body-128,1,7,0.001171774,853.45083472844249
1786139670,40450d2,no,go-to,1,7,0.001229794,813.14819260102263
1786139670,40450d2,no,action-never-fires,1,7,0.0010385150000000001,962.91522736660784
1786139670,40450d2,no,actions-40pc,1,7,0.001300093,769.17721066772367
1786139670,40450d2,no,depth-16,1,7,0.0015861919999999999,630.45813908730838
1786139670,40450d2,no,depth-1,1,7,0.001197334,835.19123404409231
1786139670,40450d2,no,actions-1pc,1,7,0.0010528239999999999,949.82818338927768
1786139670,40450d2,no,batched,1,8,0.001259444,794.00494851028077
1786139670,40450d2,no,actions-90pc,1,8,0.0012513629999999999,799.13396490084403
1786139670,40450d2,no,action-never-fires,1,8,0.0010405849999999999,960.99973317761919
1786139670,40450d2,no,body-512,1,8,0.0011530939999999999,867.51732091153042
1786139670,40450d2,no,go-to,1,8,0.001236214,808.92528993489964
1786139670,40450d2,no,no-actions-declared,1,8,0.00097097500000000001,1029.8945980572444
1786139670,40450d2,no,depth-1,1,8,0.001197423,835.12915738460777
1786139670,40450d2,no,body-128,1,8,0.001170524,854.36223299401456
1786139670,40450d2,no,actions-1pc,1,8,0.001045055,956.88926166434567
1786139670,40450d2,no,depth-16,1,8,0.0015880320000000001,629.72764815518565
1786139670,40450d2,no,per-token,1,8,0.0021446389999999998,466.28116357651896
1786139670,40450d2,no,body-32,1,8,0.0012530530000000001,798.05464602980237
1786139670,40450d2,no,body-8,1,8,0.001328344,752.8206310801886
1786139670,40450d2,no,push-pop,1,8,0.001253933,797.49457775780843
1786139670,40450d2,no,one-action-never-fires,1,8,0.0010402650000000001,961.295350077752
1786139670,40450d2,no,actions-10pc,1,8,0.001155994,865.06134291864703
1786139670,40450d2,no,depth-4,1,8,0.001238603,807.37197587962385
1786139670,40450d2,no,actions-40pc,1,8,0.001236544,808.70709602620923
1786139670,40450d2,no,go-to,1,9,0.001181404,846.45453068686243
1786139670,40450d2,no,push-pop,1,9,0.001208504,827.47327966773969
1786139670,40450d2,no,body-512,1,9,0.0011532140000000001,867.42704965354233
1786139670,40450d2,no,no-actions-declared,1,9,0.00095866500000000004,1043.119241182929
1786139670,40450d2,no,depth-16,1,9,0.0015862820000000001,630.42236913435045
1786139670,40450d2,no,depth-1,1,9,0.0011877039999999999,841.96303205424022
1786139670,40450d2,no,actions-10pc,1,9,0.0011155239999999999,896.44482955624312
1786139670,40450d2,no,actions-1pc,1,9,0.0010323050000000001,968.70780181112434
1786139670,40450d2,no,body-8,1,9,0.0013288429999999999,752.53793591235547
1786139670,40450d2,no,batched,1,9,0.0012404530000000001,806.16094956566837
1786139670,40450d2,no,one-action-never-fires,1,9,0.0010221449999999999,978.33664240262669
1786139670,40450d2,no,actions-40pc,1,9,0.0012711739999999999,786.67586604873361
1786139670,40450d2,no,per-token,1,9,0.0021603579999999998,462.88845106763887
1786139670,40450d2,no,depth-4,1,9,0.0012502839999999999,799.82896001262895
1786139670,40450d2,no,action-never-fires,1,9,0.001022065,978.41321965690327
1786139670,40450d2,no,body-32,1,9,0.0012382129999999999,807.61934204501335
1786139670,40450d2,no,actions-90pc,1,9,0.001238194,807.6332753350564
1786139670,40450d2,no,body-128,1,9,0.0011614539999999999,861.0340989940936
1786139670,40450d2,no,action-never-fires,1,10,0.0010225449999999999,977.95393586456623
1786139670,40450d2,no,no-actions-declared,1,10,0.00095718500000000005,1044.7321127562934
1786139670,40450d2,no,one-action-never-fires,1,10,0.001023765,976.78852798116054
1786139670,40450d2,no,batched,1,10,0.0012428630000000001,804.59774598775732
1786139670,40450d2,no,depth-1,1,10,0.0011826440000000001,845.56541192696125
1786139670,40450d2,no,depth-4,1,10,0.001246514,802.24799034782575
1786139670,40450d2,no,body-128,1,10,0.001165534,858.02001349860745
1786139670,40450d2,no,actions-90pc,1,10,0.0012391329999999999,807.02126060738829
1786139670,40450d2,no,actions-10pc,1,10,0.001099055,909.87777867886359
1786139670,40450d2,no,body-512,1,10,0.0011504040000000001,869.54584445043668
1786139670,40450d2,no,per-token,1,10,0.002136949,467.95911758847876
1786139670,40450d2,no,go-to,1,10,0.001207694,828.0282657457783
1786139670,40450d2,no,body-8,1,10,0.001318963,758.17499685099733
1786139670,40450d2,no,actions-1pc,1,10,0.0010822539999999999,923.99927128810134
1786139670,40450d2,no,body-32,1,10,0.001241074,805.75756834127696
1786139670,40450d2,no,push-pop,1,10,0.0012352229999999999,809.57427798185597
1786139670,40450d2,no,actions-40pc,1,10,0.001273824,785.03930476159405
1786139670,40450d2,no,depth-16,1,10,0.0015891220000000001,629.29570955230349
1786139670,40450d2,no,actions-10pc,1,11,0.0011008840000000001,908.36611490938037
1786139670,40450d2,no,body-8,1,11,0.001320653,757.20478306684799
1786139670,40450d2,no,actions-90pc,1,11,0.0012406240000000001,806.05137069749969
1786139670,40450d2,no,batched,1,11,0.001238963,807.13045375171168
1786139670,40450d2,no,actions-1pc,1,11,0.001024755,975.84486764995813
1786139670,40450d2,no,body-512,1,11,0.0011503539999999999,869.58363915730308
1786139670,40450d2,no,depth-1,1,11,0.001174474,851.44742329157498
1786139670,40450d2,no,depth-4,1,11,0.001243404,804.25457167616446
1786139670,40450d2,no,depth-16,1,11,0.001580822,632.59978451411723
1786139670,40450d2,no,body-128,1,11,0.0011643339999999999,858.90431647026196
1786139670,40450d2,no,per-token,1,11,0.0021421690000000002,466.81880298500352
1786139670,40450d2,no,action-never-fires,1,11,0.001022324,978.16534420460914
1786139670,40450d2,no,one-action-never-fires,1,11,0.0010194449999999999,980.92776692085681
1786139670,40450d2,no,no-actions-declared,1,11,0.00095829499999999996,1043.5219920260806
1786139670,40450d2,no,push-pop,1,11,0.001232674,811.24836604940322
1786139670,40450d2,no,go-to,1,11,0.0012118140000000001,825.21308416273621
1786139670,40450d2,no,actions-40pc,1,11,0.001269283,787.8478695047778
1786139670,40450d2,no,body-32,1,11,0.001234614,809.97361796608664
1786139670,40450d2,no,body-32,1,12,0.0012339440000000001,810.41341290332628
1786139670,40450d2,no,go-to,1,12,0.001211113,825.69072280751845
1786139670,40450d2,no,actions-90pc,1,12,0.0012313339999999999,812.1327566039879
1786139670,40450d2,no,batched,1,12,0.0012334239999999999,810.75507560383301
1786139670,40450d2,no,actions-10pc,1,12,0.0010987939999999999,910.09390481373077
1786139670,40450d2,no,action-never-fires,1,12,0.001017855,982.46008257426922
1786139670,40450d2,no,body-8,1,12,0.0013165729999999999,759.55132633859432
1786139670,40450d2,no,body-128,1,12,0.0011610640000000001,861.32331931149861
1786139670,40450d2,no,one-action-never-fires,1,12,0.001016765,983.51330676078817
1786139670,40450d2,no,no-actions-declared,1,12,0.00095309500000000005,1049.2153535047742
1786139670,40450d2,no,actions-1pc,1,12,0.001024004,976.56054795550881
1786139670,40450d2,no,body-512,1,12,0.001151914,868.40599006450145
1786139670,40450d2,no,per-token,1,12,0.0021363200000000001,468.09689951485825
1786139670,40450d2,no,actions-40pc,1,12,0.0012718429999999999,786.26206799788406
1786139670,40450d2,no,depth-4,1,12,0.001252714,798.27746112874104
1786139670,40450d2,no,depth-16,1,12,0.001592031,628.14584424246493
1786139670,40450d2,no,push-pop,1,12,0.001237644,807.99064058128351
1786139670,40450d2,no,depth-1,1,12,0.001190544,839.95455944757123
1786139670,40450d2,no,one-action-never-fires,1,13,0.0010284249999999999,972.36250319530632
1786139670,40450d2,no,actions-10pc,1,13,0.0010979939999999999,910.7570005354296
1786139670,40450d2,no,body-32,1,13,0.0012336039999999999,810.63677514954725
1786139670,40450d2,no,actions-40pc,1,13,0.0012694430000000001,787.74856952902394
1786139670,40450d2,no,body-8,1,13,0.001317733,758.88269351346753
1786139670,40450d2,no,no-actions-declared,1,13,0.00095512500000000003,1046.985376101173
1786139670,40450d2,no,depth-16,1,13,0.0015817920000000001,632.21185627135287
1786139670,40450d2,no,per-token,1,13,0.0021411690000000001,467.03682351630442
1786139670,40450d2,no,batched,1,13,0.0012330240000000001,811.01808916256448
1786139670,40450d2,no,go-to,1,13,0.001211834,825.19946491976793
1786139670,40450d2,no,depth-1,1,13,0.001186384,842.89982081935466
1786139670,40450d2,no,actions-90pc,1,13,0.0012360730000000001,809.01910786839835
1786139670,40450d2,no,body-512,1,13,0.001149574,870.17366227764387
1786139670,40450d2,no,push-pop,1,13,0.001234434,810.09172492946732
1786139670,40450d2,no,body-128,1,13,0.001158124,863.50986458538637
1786139670,40450d2,no,depth-4,1,13,0.001249783,800.14958712066789
1786139670,40450d2,no,action-never-fires,1,13,0.001021225,979.21800518850682
1786139670,40450d2,no,actions-1pc,1,13,0.001023815,976.74082461053297
1786139670,40450d2,no,actions-40pc,1,14,0.0012670139999999999,789.25876695019383
1786139670,40450d2,no,depth-4,1,14,0.001254013,797.45054591972303
1786139670,40450d2,no,body-8,1,14,0.001324733,754.87269387233653
1786139670,40450d2,no,actions-90pc,1,14,0.0012364839999999999,808.75019468122105
1786139670,40450d2,no,batched,1,14,0.001239694,806.65451988279528
1786139670,40450d2,no,depth-16,1,14,0.001583931,631.35809360077917
1786139670,40450d2,no,no-actions-declared,1,14,0.000953925,1048.3024423813538
1786139670,40450d2,no,go-to,1,14,0.0012050240000000001,829.86294743638462
1786139670,40450d2,no,body-32,1,14,0.0012340739999999999,810.328042217551
1786139670,40450d2,no,one-action-never-fires,1,14,0.001023525,977.01756903703654
1786139670,40450d2,no,actions-10pc,1,14,0.0011013139999999999,908.01145000054339
1786139670,40450d2,no,body-512,1,14,0.001148994,870.6129167246828
1786139670,40450d2,no,per-token,1,14,0.0021382089999999999,467.68335947121261
1786139670,40450d2,no,depth-1,1,14,0.001177914,848.96084181268691
1786139670,40450d2,no,body-128,1,14,0.0011621240000000001,860.53768652319877
1786139670,40450d2,no,action-never-fires,1,14,0.0010182349999999999,982.09343358717081
1786139670,40450d2,no,push-pop,1,14,0.0012327130000000001,811.22270015127765
1786139670,40450d2,no,actions-1pc,1,14,0.0010245149999999999,976.07346632175506
