run,commit,dirty,scenario,input_mib,pass,seconds,mib_per_s
1786139670,40450d2,no,plan-window-no-byte,1,-1,0.00061895699999999995,0
1786139670,40450d2,no,serial-no-byte,1,0,0.0021028890000000001,475.53627414475989
1786139670,40450d2,no,window-scan-no-byte,1,0,0.000413578,2417.923583943053
1786139670,40450d2,no,serial-no-byte,1,1,0.0022931589999999999,436.0796612882055
1786139670,40450d2,no,window-scan-no-byte,1,1,0.00041894700000000003,2386.9367724318349
1786139670,40450d2,no,serial-no-byte,1,2,0.00210531,474.98943148514945
1786139670,40450d2,no,window-scan-no-byte,1,2,0.00040987700000000001,2439.7563171390443
1786139670,40450d2,no,serial-no-byte,1,3,0.0021426190000000001,466.7185346531511
1786139670,40450d2,no,window-scan-no-byte,1,3,0.00037384799999999998,2674.8839100383043
1786139670,40450d2,no,serial-no-byte,1,4,0.002161399,462.66330279601311
1786139670,40450d2,no,window-scan-no-byte,1,4,0.00032956899999999999,3034.2659655489442
1786139670,40450d2,no,serial-no-byte,1,5,0.0021277790000000002,469.97362038068798
1786139670,40450d2,no,window-scan-no-byte,1,5,0.00041261800000000001,2423.5491423059584
1786139670,40450d2,no,serial-no-byte,1,6,0.0020621189999999998,484.93806613488363
1786139670,40450d2,no,window-scan-no-byte,1,6,0.00032366799999999999,3089.5856247760053
1786139670,40450d2,no,serial-no-byte,1,7,0.0020752990000000001,481.85827680734195
1786139670,40450d2,no,window-scan-no-byte,1,7,0.00038170800000000003,2619.8036195206805
1786139670,40450d2,no,serial-no-byte,1,8,0.002114449,472.93644821889768
1786139670,40450d2,no,window-scan-no-byte,1,8,0.000326519,3062.6089140295053
1786139670,40450d2,no,serial-no-byte,1,9,0.0020689789999999999,483.33018363163671
1786139670,40450d2,no,window-scan-no-byte,1,9,0.00031623799999999999,3162.1753236486443
1786139670,40450d2,no,serial-no-byte,1,10,0.0020784100000000002,481.1370230127838
1786139670,40450d2,no,window-scan-no-byte,1,10,0.00032924799999999998,3037.2242200408205
1786139670,40450d2,no,serial-no-byte,1,11,0.00209764,476.72622566312617
1786139670,40450d2,no,window-scan-no-byte,1,11,0.00031826800000000002,3142.0061080598739
1786139670,40450d2,no,serial-no-byte,1,12,0.0020680989999999999,483.53584620465466
1786139670,40450d2,no,window-scan-no-byte,1,12,0.00032746799999999998,3053.733494570462
1786139670,40450d2,no,serial-no-byte,1,13,0.0020760290000000001,481.68883960676851
1786139670,40450d2,no,window-scan-no-byte,1,13,0.00031701899999999998,3154.3850684028403
1786139670,40450d2,no,serial-no-byte,1,14,0.0020732490000000001,482.33473162172027
1786139670,40450d2,no,window-scan-no-byte,1,14,0.00036878799999999999,2711.584975649967
1786139670,40450d2,no,plan-byte-split-friendly,1,-1,4.7999999999999996e-07,0
1786139670,40450d2,no,plan-window-split-friendly,1,-1,0.00058901699999999995,0
1786139670,40450d2,no,byte-scan-split-friendly,1,0,0.00044493799999999997,2247.5041466451507
1786139670,40450d2,no,window-scan-split-friendly,1,0,0.00042699799999999999,2341.931343940721
1786139670,40450d2,no,byte-scan-split-friendly,1,1,0.00042225800000000001,2368.2203771154127
1786139670,40450d2,no,window-scan-split-friendly,1,1,0.00042588800000000003,2348.0351641746183
1786139670,40450d2,no,byte-scan-split-friendly,1,2,0.00040815799999999999,2450.0316054077098
1786139670,40450d2,no,window-scan-split-friendly,1,2,0.00041215799999999998,2426.2540093847506
1786139670,40450d2,no,byte-scan-split-friendly,1,3,0.00040798800000000002,2451.0524819357429
1786139670,40450d2,no,window-scan-split-friendly,1,3,0.00040596700000000002,2463.2544024514305
1786139670,40450d2,no,byte-scan-split-friendly,1,4,0.00039654799999999999,2521.7628130768535
1786139670,40450d2,no,window-scan-split-friendly,1,4,0.00040985799999999998,2439.8694181887386
1786139670,40450d2,no,byte-scan-split-friendly,1,5,0.00041343800000000002,2418.7423507273156
1786139670,40450d2,no,window-scan-split-friendly,1,5,0.00040459799999999999,2471.5890834853362
1786139670,40450d2,no,byte-scan-split-friendly,1,6,0.00040444800000000001,2472.505736213308
1786139670,40450d2,no,window-scan-split-friendly,1,6,0.000405917,2463.5578209338364
1786139670,40450d2,no,byte-scan-split-friendly,1,7,0.00042031799999999998,2379.1510237486855
1786139670,40450d2,no,window-scan-split-friendly,1,7,0.00039939799999999997,2503.7681710975021
1786139670,40450d2,no,byte-scan-split-friendly,1,8,0.000409498,2442.0143688125463
1786139670,40450d2,no,window-scan-split-friendly,1,8,0.00040368799999999997,2477.1605794574029
1786139670,40450d2,no,byte-scan-split-friendly,1,9,0.00041041800000000001,2436.5403076863099
1786139670,40450d2,no,window-scan-split-friendly,1,9,0.00039712800000000001,2518.0798130577546
1786139670,40450d2,no,byte-scan-split-friendly,1,10,0.00041182700000000003,2428.2040759833617
1786139670,40450d2,no,window-scan-split-friendly,1,10,0.000394838,2532.6842907724181
1786139670,40450d2,no,byte-scan-split-friendly,1,11,0.00034708800000000001,2881.1137233208869
1786139670,40450d2,no,window-scan-split-friendly,1,11,0.00038833800000000001,2575.0763510138077
1786139670,40450d2,no,byte-scan-split-friendly,1,12,0.00035304899999999997,2832.4680143549481
1786139670,40450d2,no,window-scan-split-friendly,1,12,0.00032181799999999997,3107.3463883312929
1786139670,40450d2,no,byte-scan-split-friendly,1,13,0.000344688,2901.1743953952559
1786139670,40450d2,no,window-scan-split-friendly,1,13,0.00038285800000000003,2611.9344508930203
1786139670,40450d2,no,byte-scan-split-friendly,1,14,0.00041055799999999999,2435.7094490912368
1786139670,40450d2,no,window-scan-split-friendly,1,14,0.00040170800000000002,2489.3703884413553
1786139670,40450d2,no,plan-window-no-byte,16,-1,0.010238047,0
1786139670,40450d2,no,serial-no-byte,16,0,0.031956085000000002,500.6871148327462
1786139670,40450d2,no,window-scan-no-byte,16,0,0.0043472579999999997,3680.4808916333009
1786139670,40450d2,no,serial-no-byte,16,1,0.031516707999999997,507.66723478860803
1786139670,40450d2,no,window-scan-no-byte,16,1,0.0044467669999999999,3598.1197125911926
1786139670,40450d2,no,serial-no-byte,16,2,0.032092454999999999,498.5595523932339
1786139670,40450d2,no,window-scan-no-byte,16,2,0.0043603380000000001,3669.4403048571003
1786139670,40450d2,no,serial-no-byte,16,3,0.031953175,500.73271278988705
1786139670,40450d2,no,window-scan-no-byte,16,3,0.0044449270000000004,3599.6091724341027
1786139670,40450d2,no,serial-no-byte,16,4,0.031668496999999997,505.23395537211638
1786139670,40450d2,no,window-scan-no-byte,16,4,0.0043620680000000002,3667.9850016093283
1786139670,40450d2,no,serial-no-byte,16,5,0.032729662,488.85319988944588
1786139670,40450d2,no,window-scan-no-byte,16,5,0.0044035469999999998,3633.4345926136361
1786139670,40450d2,no,serial-no-byte,16,6,0.033044709999999998,484.1924774040989
1786139670,40450d2,no,window-scan-no-byte,16,6,0.004396568,3639.202214090627
1786139670,40450d2,no,serial-no-byte,16,7,0.032756211,488.45698301308414
1786139670,40450d2,no,window-scan-no-byte,16,7,0.0044082669999999996,3629.5442177163955
1786139670,40450d2,no,serial-no-byte,16,8,0.033138330000000001,482.8245720288258
1786139670,40450d2,no,window-scan-no-byte,16,8,0.0044165669999999997,3622.723259943753
1786139670,40450d2,no,serial-no-byte,16,9,0.032138634999999999,497.84317224424746
1786139670,40450d2,no,window-scan-no-byte,16,9,0.0043201669999999998,3703.5605336552962
1786139670,40450d2,no,serial-no-byte,16,10,0.032680111999999997,489.59440530681172
1786139670,40450d2,no,window-scan-no-byte,16,10,0.0043764169999999996,3655.9587443335499
1786139670,40450d2,no,serial-no-byte,16,11,0.032663541999999997,489.84277332813451
1786139670,40450d2,no,window-scan-no-byte,16,11,0.0043566780000000001,3672.5229635974933
1786139670,40450d2,no,serial-no-byte,16,12,0.032129375000000002,497.9866555138405
1786139670,40450d2,no,window-scan-no-byte,16,12,0.0044504269999999999,3595.1606441359449
1786139670,40450d2,no,serial-no-byte,16,13,0.032816781000000003,487.55543695769546
1786139670,40450d2,no,window-scan-no-byte,16,13,0.0045026470000000002,3553.4653282835629
1786139670,40450d2,no,serial-no-byte,16,14,0.032388223000000001,494.00672583982146
1786139670,40450d2,no,window-scan-no-byte,16,14,0.0045604870000000002,3508.3972391545026
1786139670,40450d2,no,plan-byte-split-friendly,16,-1,1.5099999999999999e-06,0
1786139670,40450d2,no,plan-window-split-friendly,16,-1,0.0094557510000000001,0
1786139670,40450d2,no,byte-scan-split-friendly,16,0,0.0046362759999999999,3451.0456236859068
1786139670,40450d2,no,window-scan-split-friendly,16,0,0.0046211359999999996,3462.3521142853187
1786139670,40450d2,no,byte-scan-split-friendly,16,1,0.0045640359999999996,3505.6691051516686
1786139670,40450d2,no,window-scan-split-friendly,16,1,0.0045036970000000001,3552.6368670005995
1786139670,40450d2,no,byte-scan-split-friendly,16,2,0.0044700269999999997,3579.396724001891
1786139670,40450d2,no,window-scan-split-friendly,16,2,0.0044762969999999997,3574.3830223955206
1786139670,40450d2,no,byte-scan-split-friendly,16,3,0.0045543169999999996,3513.1502703918068
1786139670,40450d2,no,window-scan-split-friendly,16,3,0.0045777459999999997,3495.1698936550874
1786139670,40450d2,no,byte-scan-split-friendly,16,4,0.0044278970000000001,3613.4535198086132
1786139670,40450d2,no,window-scan-split-friendly,16,4,0.0043711080000000003,3660.3991482251181
1786139670,40450d2,no,byte-scan-split-friendly,16,5,0.0043858780000000002,3648.0722902005023
1786139670,40450d2,no,window-scan-split-friendly,16,5,0.0044511869999999997,3594.546802908977
1786139670,40450d2,no,byte-scan-split-friendly,16,6,0.0044565070000000002,3590.2557765532511
1786139670,40450d2,no,window-scan-split-friendly,16,6,0.0044378869999999997,3605.3193783437932
1786139670,40450d2,no,byte-scan-split-friendly,16,7,0.004432727,3609.5162187971423
1786139670,40450d2,no,window-scan-split-friendly,16,7,0.0044813969999999998,3570.3152387525588
1786139670,40450d2,no,byte-scan-split-friendly,16,8,0.0044925269999999996,3561.4699700191009
1786139670,40450d2,no,window-scan-split-friendly,16,8,0.0044627069999999998,3585.2678654457936
1786139670,40450d2,no,byte-scan-split-friendly,16,9,0.004409268,3628.7202320203714
1786139670,40450d2,no,window-scan-split-friendly,16,9,0.0044941269999999997,3560.2020147628227
1786139670,40450d2,no,byte-scan-split-friendly,16,10,0.0045323960000000002,3530.1416734107079
1786139670,40450d2,no,window-scan-split-friendly,16,10,0.0044275770000000002,3613.7146796091856
1786139670,40450d2,no,byte-scan-split-friendly,16,11,0.0044249670000000001,3615.8461746720368
1786139670,40450d2,no,window-scan-split-friendly,16,11,0.0045139669999999998,3544.5540474708832
1786139670,40450d2,no,byte-scan-split-friendly,16,12,0.0044104770000000003,3627.7255271935437
1786139670,40450d2,no,window-scan-split-friendly,16,12,0.0043807380000000003,3652.3526401259328
1786139670,40450d2,no,byte-scan-split-friendly,16,13,0.0044452069999999996,3599.3824359585506
1786139670,40450d2,no,window-scan-split-friendly,16,13,0.0045177070000000001,3541.6196756451891
1786139670,40450d2,no,byte-scan-split-friendly,16,14,0.0045087060000000003,3548.690023257227
1786139670,40450d2,no,window-scan-split-friendly,16,14,0.0044551670000000003,3591.3356334341674
1786139671,40450d2,no,plan-window-no-byte,128,-1,0.089054532000000006,0
1786139671,40450d2,no,serial-no-byte,128,0,0.261349365,489.76587335500125
1786139671,40450d2,no,window-scan-no-byte,128,0,0.034483693000000003,3711.8994186614523
1786139671,40450d2,no,serial-no-byte,128,1,0.26004422199999999,492.22397258263254
1786139671,40450d2,no,window-scan-no-byte,128,1,0.033722947000000003,3795.6350611943844
1786139671,40450d2,no,serial-no-byte,128,2,0.25907583699999998,494.06382888574825
1786139671,40450d2,no,window-scan-no-byte,128,2,0.032460032999999999,3943.3108401337731
1786139671,40450d2,no,serial-no-byte,128,3,0.259124087,493.97183211300614
1786139671,40450d2,no,window-scan-no-byte,128,3,0.032650631999999999,3920.2916500973092
1786139671,40450d2,no,serial-no-byte,128,4,0.25888605799999997,494.42600729004886
1786139671,40450d2,no,window-scan-no-byte,128,4,0.032570762000000003,3929.9049865643301
1786139671,40450d2,no,serial-no-byte,128,5,0.25673791899999998,498.5628944043907
1786139671,40450d2,no,window-scan-no-byte,128,5,0.033554586999999997,3814.6796442465529
1786139671,40450d2,no,serial-no-byte,128,6,0.25471727,502.51794862594124
1786139671,40450d2,no,window-scan-no-byte,128,6,0.032735150999999997,3910.1698354774662
1786139671,40450d2,no,serial-no-byte,128,7,0.25765744400000001,496.78362873148734
1786139671,40450d2,no,window-scan-no-byte,128,7,0.032636331999999997,3922.0093728670249
1786139671,40450d2,no,serial-no-byte,128,8,0.25655654999999999,498.91534634372033
1786139671,40450d2,no,window-scan-no-byte,128,8,0.032380063000000001,3953.0497516326636
1786139671,40450d2,no,serial-no-byte,128,9,0.255125518,501.71382699554187
1786139671,40450d2,no,window-scan-no-byte,128,9,0.032739191000000001,3909.6873224509427
1786139671,40450d2,no,serial-no-byte,128,10,0.261618874,489.26133670310043
1786139671,40450d2,no,window-scan-no-byte,128,10,0.032592172000000003,3927.323407596155
1786139671,40450d2,no,serial-no-byte,128,11,0.25889488799999999,494.40914414656191
1786139671,40450d2,no,window-scan-no-byte,128,11,0.032555701999999999,3931.7229282907188
1786139671,40450d2,no,serial-no-byte,128,12,0.25856665899999998,495.03675568627744
1786139671,40450d2,no,window-scan-no-byte,128,12,0.032656881999999998,3919.5413695649208
1786139671,40450d2,no,serial-no-byte,128,13,0.254788079,502.37829219631584
1786139671,40450d2,no,window-scan-no-byte,128,13,0.032572503000000003,3929.6949331772257
1786139671,40450d2,no,serial-no-byte,128,14,0.25174112500000001,508.4588384198251
1786139671,40450d2,no,window-scan-no-byte,128,14,0.032605912000000001,3925.6684493290663
1786139671,40450d2,no,plan-byte-split-friendly,128,-1,1.08e-06,0
1786139671,40450d2,no,plan-window-split-friendly,128,-1,0.089253891000000002,0
1786139671,40450d2,no,byte-scan-split-friendly,128,0,0.035120769000000003,3644.5671220923432
1786139671,40450d2,no,window-scan-split-friendly,128,0,0.035077609000000003,3649.0514504566145
1786139671,40450d2,no,byte-scan-split-friendly,128,1,0.035096859000000001,3647.0500109425748
1786139671,40450d2,no,window-scan-split-friendly,128,1,0.034890830999999997,3668.5855948802141
1786139671,40450d2,no,byte-scan-split-friendly,128,2,0.035029669999999999,3654.0452707661821
1786139671,40450d2,no,window-scan-split-friendly,128,2,0.035236167999999998,3632.6311079002689
1786139671,40450d2,no,byte-scan-split-friendly,128,3,0.035082210000000003,3648.5728806708585
1786139671,40450d2,no,window-scan-split-friendly,128,3,0.035156608999999998,3640.8517101293814
1786139671,40450d2,no,byte-scan-split-friendly,128,4,0.035768834999999999,3578.5342184054921
1786139671,40450d2,no,window-scan-split-friendly,128,4,0.035633646999999997,3592.110568979931
1786139671,40450d2,no,byte-scan-split-friendly,128,5,0.035815526,3573.8690533262029
1786139671,40450d2,no,window-scan-split-friendly,128,5,0.035142969000000003,3642.2648297017818
1786139671,40450d2,no,byte-scan-split-friendly,128,6,0.035780635999999998,3577.3539631883573
1786139671,40450d2,no,window-scan-split-friendly,128,6,0.03499853,3657.2964635943281
1786139671,40450d2,no,byte-scan-split-friendly,128,7,0.035816784999999997,3573.7434278369769
1786139671,40450d2,no,window-scan-split-friendly,128,7,0.035144619000000002,3642.0938294991902
1786139671,40450d2,no,byte-scan-split-friendly,128,8,0.035181969,3638.2272976250988
1786139671,40450d2,no,window-scan-split-friendly,128,8,0.035339717999999999,3621.9870232128055
1786139671,40450d2,no,byte-scan-split-friendly,128,9,0.035122028999999999,3644.4363735363922
1786139671,40450d2,no,window-scan-split-friendly,128,9,0.03508613,3648.1652436447107
1786139671,40450d2,no,byte-scan-split-friendly,128,10,0.035166269,3639.8515861890269
1786139671,40450d2,no,window-scan-split-friendly,128,10,0.035097739000000003,3646.9585690405866
1786139671,40450d2,no,byte-scan-split-friendly,128,11,0.035296668000000003,3626.4046226686323
1786139671,40450d2,no,window-scan-split-friendly,128,11,0.035057970000000001,3651.0955996596495
1786139671,40450d2,no,byte-scan-split-friendly,128,12,0.035680076999999998,3587.4362042436178
1786139671,40450d2,no,window-scan-split-friendly,128,12,0.035098008999999999,3646.930513921744
1786139671,40450d2,no,byte-scan-split-friendly,128,13,0.035368997999999999,3618.9885842963376
1786139671,40450d2,no,window-scan-split-friendly,128,13,0.035165018999999999,3639.9809708619809
1786139671,40450d2,no,byte-scan-split-friendly,128,14,0.036398932000000002,3516.5866954557896
1786139671,40450d2,no,window-scan-split-friendly,128,14,0.035631797,3592.2970710682935
1786139679,40450d2,no,plan-window-no-byte,512,-1,0.35362088000000003,0
1786139679,40450d2,no,serial-no-byte,512,0,1.025928712,499.06001655990303
1786139679,40450d2,no,window-scan-no-byte,512,0,0.130943696,3910.0775038456222
1786139679,40450d2,no,serial-no-byte,512,1,1.02229105,500.83584317792867
1786139679,40450d2,no,window-scan-no-byte,512,1,0.13202586999999999,3878.0278440884354
1786139679,40450d2,no,serial-no-byte,512,2,1.0340516500000001,495.13967701710061
1786139679,40450d2,no,window-scan-no-byte,512,2,0.131089915,3905.7161643594018
1786139679,40450d2,no,serial-no-byte,512,3,1.0435249,490.64473689128073
1786139679,40450d2,no,window-scan-no-byte,512,3,0.132819877,3854.8447082208936
1786139679,40450d2,no,serial-no-byte,512,4,1.0407141660000001,491.96985755260675
1786139679,40450d2,no,window-scan-no-byte,512,4,0.131974551,3879.5358356627407
1786139679,40450d2,no,serial-no-byte,512,5,1.0403075479999999,492.1621504951342
1786139679,40450d2,no,window-scan-no-byte,512,5,0.13218357999999999,3873.4009171184503
1786139679,40450d2,no,serial-no-byte,512,6,1.0416215710000001,491.54127972643528
1786139679,40450d2,no,window-scan-no-byte,512,6,0.13342252299999999,3837.4330546874762
1786139679,40450d2,no,serial-no-byte,512,7,1.0494632610000001,487.86843620626752
1786139679,40450d2,no,window-scan-no-byte,512,7,0.13232447899999999,3869.2765229024631
1786139679,40450d2,no,serial-no-byte,512,8,1.0244546889999999,499.77808242527362
1786139679,40450d2,no,window-scan-no-byte,512,8,0.13159953299999999,3890.5913138764713
1786139679,40450d2,no,serial-no-byte,512,9,1.0411010730000001,491.78702556192633
1786139679,40450d2,no,window-scan-no-byte,512,9,0.13053273800000001,3922.3876541990558
1786139679,40450d2,no,serial-no-byte,512,10,1.042959864,490.91054955495395
1786139679,40450d2,no,window-scan-no-byte,512,10,0.13169655199999999,3887.7251699042204
1786139679,40450d2,no,serial-no-byte,512,11,1.043285332,490.75740288467892
1786139679,40450d2,no,window-scan-no-byte,512,11,0.133816092,3826.1467088726517
1786139679,40450d2,no,serial-no-byte,512,12,1.039121814,492.72375298243907
1786139679,40450d2,no,window-scan-no-byte,512,12,0.131454084,3894.8961068413819
1786139679,40450d2,no,serial-no-byte,512,13,1.03205024,496.09987978879786
1786139679,40450d2,no,window-scan-no-byte,512,13,0.13247186799999999,3864.9715424862889
1786139679,40450d2,no,serial-no-byte,512,14,1.03008031,497.04862332530172
1786139679,40450d2,no,window-scan-no-byte,512,14,0.130705708,3917.1969444517295
1786139679,40450d2,no,plan-byte-split-friendly,512,-1,1.42e-06,0
1786139679,40450d2,no,plan-window-split-friendly,512,-1,0.36468815399999999,0
1786139679,40450d2,no,byte-scan-split-friendly,512,0,0.140370627,3647.4867352412698
1786139679,40450d2,no,window-scan-split-friendly,512,0,0.140850856,3635.0506808421528
1786139679,40450d2,no,byte-scan-split-friendly,512,1,0.14416704799999999,3551.4356928498669
1786139679,40450d2,no,window-scan-split-friendly,512,1,0.14432811700000001,3547.4723196173895
1786139679,40450d2,no,byte-scan-split-friendly,512,2,0.143016164,3580.0149135590018
1786139679,40450d2,no,window-scan-split-friendly,512,2,0.13991572999999999,3659.3455217651372
1786139679,40450d2,no,byte-scan-split-friendly,512,3,0.14085350499999999,3634.9823172664396
1786139679,40450d2,no,window-scan-split-friendly,512,3,0.13982273100000001,3661.7794284106781
1786139679,40450d2,no,byte-scan-split-friendly,512,4,0.143075334,3578.5343684747227
1786139679,40450d2,no,window-scan-split-friendly,512,4,0.14569459100000001,3514.2004688423881
1786139679,40450d2,no,byte-scan-split-friendly,512,5,0.13915397400000001,3679.3774930207883
1786139679,40450d2,no,window-scan-split-friendly,512,5,0.142992964,3580.5957557464158
1786139679,40450d2,no,byte-scan-split-friendly,512,6,0.139736682,3664.0343299406522
1786139679,40450d2,no,window-scan-split-friendly,512,6,0.14191753900000001,3607.7288516114977
1786139679,40450d2,no,byte-scan-split-friendly,512,7,0.14156255200000001,3616.7757133962941
1786139679,40450d2,no,window-scan-split-friendly,512,7,0.13925674299999999,3676.6621778594954
1786139679,40450d2,no,byte-scan-split-friendly,512,8,0.141024494,3630.574983662058
1786139679,40450d2,no,window-scan-split-friendly,512,8,0.14101720500000001,3630.7626434660933
1786139679,40450d2,no,byte-scan-split-friendly,512,9,0.14198782900000001,3605.9428727514382
1786139679,40450d2,no,window-scan-split-friendly,512,9,0.14195588000000001,3606.7544366601792
1786139679,40450d2,no,byte-scan-split-friendly,512,10,0.141172834,3626.7600889842588
1786139679,40450d2,no,window-scan-split-friendly,512,10,0.14157397099999999,3616.4839933747426
1786139679,40450d2,no,byte-scan-split-friendly,512,11,0.14314823300000001,3576.7119807898707
1786139679,40450d2,no,window-scan-split-friendly,512,11,0.14149657199999999,3618.4622197066374
1786139679,40450d2,no,byte-scan-split-friendly,512,12,0.14500444400000001,3530.9262659563728
1786139679,40450d2,no,window-scan-split-friendly,512,12,0.14377295000000001,3561.1705818097212
1786139679,40450d2,no,byte-scan-split-friendly,512,13,0.141177314,3626.645000484993
1786139679,40450d2,no,window-scan-split-friendly,512,13,0.14109612399999999,3628.7318565887754
1786139679,40450d2,no,byte-scan-split-friendly,512,14,0.14060318699999999,3641.4537317706749
1786139679,40450d2,no,window-scan-split-friendly,512,14,0.13976749099999999,3663.2266654911909
